regime_2state,count,mean,median,std
Crisis,429,0.003577862495264676,-0.06341748463056726,0.4919825194922178
Normal,1147,-0.18078441468399142,-0.05143843597232107,0.6650746860675636
