regime_2state,count,mean,median,std
Crisis,444,0.10782449742560503,0.002241222320764797,0.5744125114277852
Normal,1147,-0.1654367887548666,-0.03112439403556284,0.6774342036719094
